<?xml version="1.0" encoding="UTF-8"?><?xml-stylesheet type='text/xsl' href='_UpgradeReport_Files/UpgradeReport.xslt'?><UpgradeLog>
<Properties><Property Name="Solution" Value="WCFDuplex">
</Property><Property Name="Solution File" Value="E:\shivprasad data\dotnetinterview\CD material for book\Source Code\WCFDuplex\WCFDuplex.sln">
</Property><Property Name="User Options File" Value="E:\shivprasad data\dotnetinterview\CD material for book\Source Code\WCFDuplex\WCFDuplex.suo">
</Property><Property Name="Date" Value="Saturday, May 29, 2010">
</Property><Property Name="Time" Value="10:40 AM">
</Property></Properties><Event ErrorLevel="0" Project="" Source="WCFDuplex.sln" Description="File successfully backed up as E:\shivprasad data\dotnetinterview\CD material for book\Source Code\WCFDuplex\Backup\WCFDuplex.sln">
</Event><Event ErrorLevel="0" Project="" Source="WCFDuplex.suo" Description="File successfully backed up as E:\shivprasad data\dotnetinterview\CD material for book\Source Code\WCFDuplex\Backup\WCFDuplex.suo">
</Event><Event ErrorLevel="0" Project="WCFServerDuplex" Source="WCFServerDuplex.csproj" Description="Project file successfully backed up as E:\shivprasad data\dotnetinterview\CD material for book\Source Code\WCFDuplex\Backup\WCFServerDuplex.csproj">
</Event><Event ErrorLevel="0" Project="WCFServerDuplex" Source="clsMain.cs" Description="File successfully backed up as E:\shivprasad data\dotnetinterview\CD material for book\Source Code\WCFDuplex\Backup\clsMain.cs">
</Event><Event ErrorLevel="0" Project="WCFServerDuplex" Source="clsService.cs" Description="File successfully backed up as E:\shivprasad data\dotnetinterview\CD material for book\Source Code\WCFDuplex\Backup\clsService.cs">
</Event><Event ErrorLevel="0" Project="WCFServerDuplex" Source="Properties\AssemblyInfo.cs" Description="File successfully backed up as E:\shivprasad data\dotnetinterview\CD material for book\Source Code\WCFDuplex\Backup\Properties\AssemblyInfo.cs">
</Event><Event ErrorLevel="0" Project="WCFServerDuplex" Source="App.config" Description="File successfully backed up as E:\shivprasad data\dotnetinterview\CD material for book\Source Code\WCFDuplex\Backup\App.config">
</Event><Event ErrorLevel="0" Project="WCFServerDuplex" Source="WCFServerDuplex.csproj" Description="Project converted successfully">
</Event><Event ErrorLevel="3" Project="WCFServerDuplex" Source="WCFServerDuplex.csproj" Description="Converted">
</Event><Event ErrorLevel="0" Project="WFCClientDuplex" Source="WCFClientDuplex\WFCClientDuplex.csproj" Description="Project file successfully backed up as E:\shivprasad data\dotnetinterview\CD material for book\Source Code\WCFDuplex\Backup\WCFClientDuplex\WFCClientDuplex.csproj">
</Event><Event ErrorLevel="0" Project="WFCClientDuplex" Source="WCFClientDuplex\Program.cs" Description="File successfully backed up as E:\shivprasad data\dotnetinterview\CD material for book\Source Code\WCFDuplex\Backup\WCFClientDuplex\Program.cs">
</Event><Event ErrorLevel="0" Project="WFCClientDuplex" Source="WCFClientDuplex\Properties\AssemblyInfo.cs" Description="File successfully backed up as E:\shivprasad data\dotnetinterview\CD material for book\Source Code\WCFDuplex\Backup\WCFClientDuplex\Properties\AssemblyInfo.cs">
</Event><Event ErrorLevel="0" Project="WFCClientDuplex" Source="WCFClientDuplex\serviceDuplex.cs" Description="File successfully backed up as E:\shivprasad data\dotnetinterview\CD material for book\Source Code\WCFDuplex\Backup\WCFClientDuplex\serviceDuplex.cs">
</Event><Event ErrorLevel="0" Project="WFCClientDuplex" Source="WCFClientDuplex\App.config" Description="File successfully backed up as E:\shivprasad data\dotnetinterview\CD material for book\Source Code\WCFDuplex\Backup\WCFClientDuplex\App.config">
</Event><Event ErrorLevel="0" Project="WFCClientDuplex" Source="WCFClientDuplex\WFCClientDuplex.csproj" Description="Project converted successfully">
</Event><Event ErrorLevel="3" Project="WFCClientDuplex" Source="WCFClientDuplex\WFCClientDuplex.csproj" Description="Converted">
</Event><Event ErrorLevel="0" Project="" Source="WCFDuplex.sln" Description="Solution converted successfully">
</Event><Event ErrorLevel="3" Project="" Source="WCFDuplex.sln" Description="Converted">
</Event><Event ErrorLevel="0" Project="WCFServerDuplex" Source="WCFServerDuplex.csproj" Description="Scan complete: Upgrade not required for project files.">
</Event><Event ErrorLevel="0" Project="WFCClientDuplex" Source="WCFClientDuplex\WFCClientDuplex.csproj" Description="Scan complete: Upgrade not required for project files.">
</Event></UpgradeLog>