<?xml version="1.0" encoding="UTF-8"?><?xml-stylesheet type='text/xsl' href='_UpgradeReport_Files/UpgradeReport.xslt'?><UpgradeLog>
<Properties><Property Name="Solution" Value="SequentialWorkFlowConditions">
</Property><Property Name="Solution File" Value="E:\shivprasad data\dotnetinterview\CD material for book\Source Code\SequentialWorkFlowConditions\SequentialWorkFlowConditions.sln">
</Property><Property Name="User Options File" Value="E:\shivprasad data\dotnetinterview\CD material for book\Source Code\SequentialWorkFlowConditions\SequentialWorkFlowConditions.suo">
</Property><Property Name="Date" Value="Wednesday, October 21, 2009">
</Property><Property Name="Time" Value="9:01 AM">
</Property></Properties><Event ErrorLevel="0" Project="" Source="SequentialWorkFlowConditions.sln" Description="File successfully backed up as E:\shivprasad data\dotnetinterview\CD material for book\Source Code\SequentialWorkFlowConditions\Backup\SequentialWorkFlowConditions.sln">
</Event><Event ErrorLevel="0" Project="" Source="SequentialWorkFlowConditions.suo" Description="File successfully backed up as E:\shivprasad data\dotnetinterview\CD material for book\Source Code\SequentialWorkFlowConditions\Backup\SequentialWorkFlowConditions.suo">
</Event><Event ErrorLevel="0" Project="SequentialWorkFlowConditions" Source="SequentialWorkFlowConditions\SequentialWorkFlowConditions.csproj" Description="Project file successfully backed up as E:\shivprasad data\dotnetinterview\CD material for book\Source Code\SequentialWorkFlowConditions\Backup\SequentialWorkFlowConditions\SequentialWorkFlowConditions.csproj">
</Event><Event ErrorLevel="0" Project="SequentialWorkFlowConditions" Source="SequentialWorkFlowConditions\Properties\AssemblyInfo.cs" Description="File successfully backed up as E:\shivprasad data\dotnetinterview\CD material for book\Source Code\SequentialWorkFlowConditions\Backup\SequentialWorkFlowConditions\Properties\AssemblyInfo.cs">
</Event><Event ErrorLevel="0" Project="SequentialWorkFlowConditions" Source="SequentialWorkFlowConditions\Program.cs" Description="File successfully backed up as E:\shivprasad data\dotnetinterview\CD material for book\Source Code\SequentialWorkFlowConditions\Backup\SequentialWorkFlowConditions\Program.cs">
</Event><Event ErrorLevel="0" Project="SequentialWorkFlowConditions" Source="SequentialWorkFlowConditions\Workflow1.cs" Description="File successfully backed up as E:\shivprasad data\dotnetinterview\CD material for book\Source Code\SequentialWorkFlowConditions\Backup\SequentialWorkFlowConditions\Workflow1.cs">
</Event><Event ErrorLevel="0" Project="SequentialWorkFlowConditions" Source="SequentialWorkFlowConditions\Workflow1.designer.cs" Description="File successfully backed up as E:\shivprasad data\dotnetinterview\CD material for book\Source Code\SequentialWorkFlowConditions\Backup\SequentialWorkFlowConditions\Workflow1.designer.cs">
</Event><Event ErrorLevel="0" Project="SequentialWorkFlowConditions" Source="SequentialWorkFlowConditions\Properties\Settings.cs" Description="File successfully backed up as E:\shivprasad data\dotnetinterview\CD material for book\Source Code\SequentialWorkFlowConditions\Backup\SequentialWorkFlowConditions\Properties\Settings.cs">
</Event><Event ErrorLevel="0" Project="SequentialWorkFlowConditions" Source="SequentialWorkFlowConditions\Properties\Settings.settings" Description="File successfully backed up as E:\shivprasad data\dotnetinterview\CD material for book\Source Code\SequentialWorkFlowConditions\Backup\SequentialWorkFlowConditions\Properties\Settings.settings">
</Event><Event ErrorLevel="0" Project="SequentialWorkFlowConditions" Source="SequentialWorkFlowConditions\Workflow1.rules" Description="File successfully backed up as E:\shivprasad data\dotnetinterview\CD material for book\Source Code\SequentialWorkFlowConditions\Backup\SequentialWorkFlowConditions\Workflow1.rules">
</Event><Event ErrorLevel="0" Project="SequentialWorkFlowConditions" Source="SequentialWorkFlowConditions\SequentialWorkFlowConditions.csproj" Description="Project converted successfully">
</Event><Event ErrorLevel="3" Project="SequentialWorkFlowConditions" Source="SequentialWorkFlowConditions\SequentialWorkFlowConditions.csproj" Description="Converted">
</Event><Event ErrorLevel="0" Project="" Source="SequentialWorkFlowConditions.sln" Description="Solution converted successfully">
</Event><Event ErrorLevel="3" Project="" Source="SequentialWorkFlowConditions.sln" Description="Converted">
</Event><Event ErrorLevel="0" Project="SequentialWorkFlowConditions" Source="SequentialWorkFlowConditions\SequentialWorkFlowConditions.csproj" Description="Scan complete: Upgrade not required for project files.">
</Event></UpgradeLog>