<?xml version="1.0" encoding="UTF-8"?><?xml-stylesheet type='text/xsl' href='_UpgradeReport_Files/UpgradeReport.xslt'?><UpgradeLog>
<Properties><Property Name="Solution" Value="WindowsFormsApplication1">
</Property><Property Name="Solution File" Value="E:\shivprasad data\Fundamentals\Delegates and Events\DelegatesandEvents\WindowsFormsApplication1\WindowsFormsApplication1.sln">
</Property><Property Name="User Options File" Value="E:\shivprasad data\Fundamentals\Delegates and Events\DelegatesandEvents\WindowsFormsApplication1\WindowsFormsApplication1.suo">
</Property><Property Name="Date" Value="Friday, August 27, 2010">
</Property><Property Name="Time" Value="12:06 PM">
</Property></Properties><Event ErrorLevel="0" Project="" Source="WindowsFormsApplication1.sln" Description="File successfully backed up as E:\shivprasad data\Fundamentals\Delegates and Events\DelegatesandEvents\WindowsFormsApplication1\Backup\WindowsFormsApplication1.sln">
</Event><Event ErrorLevel="0" Project="" Source="WindowsFormsApplication1.suo" Description="File successfully backed up as E:\shivprasad data\Fundamentals\Delegates and Events\DelegatesandEvents\WindowsFormsApplication1\Backup\WindowsFormsApplication1.suo">
</Event><Event ErrorLevel="0" Project="WindowsFormsApplication1" Source="WindowsFormsApplication1\WindowsFormsApplication1.csproj" Description="Project file successfully backed up as E:\shivprasad data\Fundamentals\Delegates and Events\DelegatesandEvents\WindowsFormsApplication1\Backup\WindowsFormsApplication1\WindowsFormsApplication1.csproj">
</Event><Event ErrorLevel="0" Project="WindowsFormsApplication1" Source="WindowsFormsApplication1\WindowsFormsApplication1.csproj.user" Description="Project user file successfully backed up as E:\shivprasad data\Fundamentals\Delegates and Events\DelegatesandEvents\WindowsFormsApplication1\Backup\WindowsFormsApplication1\WindowsFormsApplication1.csproj.user">
</Event><Event ErrorLevel="0" Project="WindowsFormsApplication1" Source="WindowsFormsApplication1\Form1.cs" Description="File successfully backed up as E:\shivprasad data\Fundamentals\Delegates and Events\DelegatesandEvents\WindowsFormsApplication1\Backup\WindowsFormsApplication1\Form1.cs">
</Event><Event ErrorLevel="0" Project="WindowsFormsApplication1" Source="WindowsFormsApplication1\Form1.Designer.cs" Description="File successfully backed up as E:\shivprasad data\Fundamentals\Delegates and Events\DelegatesandEvents\WindowsFormsApplication1\Backup\WindowsFormsApplication1\Form1.Designer.cs">
</Event><Event ErrorLevel="0" Project="WindowsFormsApplication1" Source="WindowsFormsApplication1\Form2.cs" Description="File successfully backed up as E:\shivprasad data\Fundamentals\Delegates and Events\DelegatesandEvents\WindowsFormsApplication1\Backup\WindowsFormsApplication1\Form2.cs">
</Event><Event ErrorLevel="0" Project="WindowsFormsApplication1" Source="WindowsFormsApplication1\Form2.Designer.cs" Description="File successfully backed up as E:\shivprasad data\Fundamentals\Delegates and Events\DelegatesandEvents\WindowsFormsApplication1\Backup\WindowsFormsApplication1\Form2.Designer.cs">
</Event><Event ErrorLevel="0" Project="WindowsFormsApplication1" Source="WindowsFormsApplication1\Program.cs" Description="File successfully backed up as E:\shivprasad data\Fundamentals\Delegates and Events\DelegatesandEvents\WindowsFormsApplication1\Backup\WindowsFormsApplication1\Program.cs">
</Event><Event ErrorLevel="0" Project="WindowsFormsApplication1" Source="WindowsFormsApplication1\Properties\AssemblyInfo.cs" Description="File successfully backed up as E:\shivprasad data\Fundamentals\Delegates and Events\DelegatesandEvents\WindowsFormsApplication1\Backup\WindowsFormsApplication1\Properties\AssemblyInfo.cs">
</Event><Event ErrorLevel="0" Project="WindowsFormsApplication1" Source="WindowsFormsApplication1\Properties\Resources.Designer.cs" Description="File successfully backed up as E:\shivprasad data\Fundamentals\Delegates and Events\DelegatesandEvents\WindowsFormsApplication1\Backup\WindowsFormsApplication1\Properties\Resources.Designer.cs">
</Event><Event ErrorLevel="0" Project="WindowsFormsApplication1" Source="WindowsFormsApplication1\Properties\Settings.Designer.cs" Description="File successfully backed up as E:\shivprasad data\Fundamentals\Delegates and Events\DelegatesandEvents\WindowsFormsApplication1\Backup\WindowsFormsApplication1\Properties\Settings.Designer.cs">
</Event><Event ErrorLevel="0" Project="WindowsFormsApplication1" Source="WindowsFormsApplication1\Properties\Settings.settings" Description="File successfully backed up as E:\shivprasad data\Fundamentals\Delegates and Events\DelegatesandEvents\WindowsFormsApplication1\Backup\WindowsFormsApplication1\Properties\Settings.settings">
</Event><Event ErrorLevel="0" Project="WindowsFormsApplication1" Source="WindowsFormsApplication1\Form1.resx" Description="File successfully backed up as E:\shivprasad data\Fundamentals\Delegates and Events\DelegatesandEvents\WindowsFormsApplication1\Backup\WindowsFormsApplication1\Form1.resx">
</Event><Event ErrorLevel="0" Project="WindowsFormsApplication1" Source="WindowsFormsApplication1\Form2.resx" Description="File successfully backed up as E:\shivprasad data\Fundamentals\Delegates and Events\DelegatesandEvents\WindowsFormsApplication1\Backup\WindowsFormsApplication1\Form2.resx">
</Event><Event ErrorLevel="0" Project="WindowsFormsApplication1" Source="WindowsFormsApplication1\Properties\Resources.resx" Description="File successfully backed up as E:\shivprasad data\Fundamentals\Delegates and Events\DelegatesandEvents\WindowsFormsApplication1\Backup\WindowsFormsApplication1\Properties\Resources.resx">
</Event><Event ErrorLevel="0" Project="WindowsFormsApplication1" Source="WindowsFormsApplication1\WindowsFormsApplication1.csproj" Description="Project converted successfully">
</Event><Event ErrorLevel="3" Project="WindowsFormsApplication1" Source="WindowsFormsApplication1\WindowsFormsApplication1.csproj" Description="Converted">
</Event><Event ErrorLevel="0" Project="" Source="WindowsFormsApplication1.sln" Description="Solution converted successfully">
</Event><Event ErrorLevel="3" Project="" Source="WindowsFormsApplication1.sln" Description="Converted">
</Event><Event ErrorLevel="0" Project="WindowsFormsApplication1" Source="WindowsFormsApplication1\WindowsFormsApplication1.csproj" Description="Scan complete: Upgrade not required for project files.">
</Event></UpgradeLog>